{"nodes":[{"id":913341741,"label":"Close target reconnaissance using autonomous UAV formations","x":91.52470611315718,"y":73.11589797952477,"size":3}],"edges":[]}