{
  "nodes": [
    {
      "id": 913341741,
      "label": "Close target reconnaissance using autonomous UAV formations",
      "x": 30.122496958670375,
      "y": 131.67898039473334,
      "size": 3
    }
  ],
  "edges": []
}
